0.128374729,4.295552675,-2.778934493
2.163791504,-0.481140577,0.913006682
2.711815852,-1.040088341,1.104673391
-0.158492806,-0.286211562,-2.933402358
-0.540544821,2.841747473,0.383847535
-1.180388335,1.478007287,-0.060379597
0.707209756,0.234055469,-0.72789536
3.572511866,0.883106467,0.232464481
-5.879964148,-1.857213798,-2.902789763
-0.161162654,0.948465794,-3.342356603
0.886019043,-2.946440461,3.472556853
-2.592004453,2.324777262,-1.319366121
0.662433395,1.246466777,0.858789588
-0.488745935,-2.92767313,-1.452096795
-4.972735469,-1.973724208,1.801030048
-7.8905778,4.441872429,0.633146886
-2.679000279,2.255282037,0.108434742
0.655611719,-4.018798858,0.447385198
-3.488566429,-0.563232888,-0.866013426
3.324759662,-2.365246973,1.423148908
-2.520125642,-3.138543956,1.180450975
1.913921298,-0.312654324,2.652928016
2.259051769,0.323406712,-0.13884365
-1.029305084,4.343126244,-0.748866436
2.896160538,0.231562124,1.045575954
-2.799235434,0.372328455,-1.426612073
5.544729253,-3.884215218,3.062274717
0.634066933,2.06744176,-1.455702484
2.096600238,-0.11926883,0.159172545
-1.750707706,-2.252638114,0.870291816
1.30979879,2.141357546,0.134767991
4.657477108,-0.220028518,1.869340371
0.543155023,1.138014796,-0.452085661
-5.079562159,0.112852477,-2.653084078
-3.65390343,-1.684275431,-1.443406315
4.214819403,1.443762235,-0.648356247
-0.252462274,1.276687291,-0.05842655
-4.899825926,-2.760354861,-0.321277972
-6.165479318,0.378709246,-1.979051289
0.278848883,-3.244954077,0.516291428
-3.459369304,0.057795704,-1.276826615
6.832668783,0.801437751,3.029874181
-1.560724368,-6.826432724,1.819719754
-1.344772815,1.862685025,-0.567601388
-1.49706954,1.392198799,-0.328403442
-0.982783809,1.350447599,2.997291789
2.152644115,-1.971268568,2.950723859
0.526819132,3.39263217,-0.30962631
-1.313603309,-4.395027676,-2.308293581
-2.539873509,3.692605124,0.439220681
-1.637557277,3.797910028,-2.268213716
0.05059576,-1.432555583,-1.455055391
2.357440609,-1.570551466,-0.284135676
-0.88430786,-4.543891125,2.083088411
-2.166888356,-0.459254445,-0.250134054
2.353059981,-2.740340636,2.578373935
3.304774287,0.087914129,0.432003193
-1.133734112,3.937918385,-0.959807782
-1.878715655,-2.684485285,1.719610908
-0.942524971,0.969563641,-0.485807924
2.668302282,-2.970350907,3.747824105
2.525145825,0.800046999,0.082441559
-0.970381753,0.440082107,0.636070359
-5.297030714,5.59915162,-2.528505982
3.382936621,0.87397664,-2.306057327
-2.167299357,0.417870979,-0.709425053
0.395877367,-0.796432995,1.633716277
-3.442257724,-3.199745094,-0.70327746
0.788940067,7.502258688,-0.738233696
-0.830236928,-3.960527631,2.141104395
0.821632814,2.367299101,0.552731162
1.793091869,0.16436344,0.860276948
5.401854136,0.243644903,0.71246726
7.466909637,-1.380712952,3.416981022
4.627631428,-0.757175804,2.531208321
-0.204287412,1.38843842,-0.433103306
-0.963914833,1.998756805,-0.264040331
3.521277513,1.189588561,1.417753058
-0.647919694,4.261884126,0.943829183
-4.506606312,1.221556281,-0.07506662
-2.432420645,-1.204408735,-0.228444047
-1.322037078,3.154517504,-5.453547481
-3.608783065,-0.549622719,-0.21339949
2.378599492,1.778458843,0.032194275
-9.629620213,1.752945521,-2.755779481
4.673210987,2.981300201,-0.895452068
-0.301918735,-2.884054723,0.914398888
-0.84071081,0.41592696,-0.316083416
1.530208543,-0.694806842,2.041694251
2.782017437,0.133104333,1.951935475
-0.526005893,3.805548398,-2.487429391
0.729929782,-4.47944756,1.481725198
0.958753616,-2.178419958,0.595340232
-0.205685415,-0.452487144,-0.075656969
7.738874824,-1.80368882,2.169767296
-2.249900258,4.605918015,-0.520864405
-0.287517128,2.652776817,-0.894892687
2.019615664,1.146276082,1.043662052
5.165651613,-1.546815686,2.204424521
-2.485517275,1.029128731,-2.93968989
-3.427050269,-2.655242161,-1.208136789
0.65774017,2.902565838,0.366677762
3.993803235,-2.51338313,1.586396897
-1.750382856,0.136179622,-1.254687806
-3.696177154,3.097399882,-1.596103111
4.880303604,3.381529144,-1.201992895
2.056478108,1.319478621,0.018827509
1.099338845,-1.771931441,1.042666456
-3.151130031,-1.472566805,0.271866966
-1.251821145,3.00292731,-4.754586809
-6.093564514,5.149435067,-3.144430563
-0.093078423,-3.714246423,1.06904016
-1.864003425,1.511868104,-1.943714307
0.981257902,2.112281888,1.596044933
0.462170574,0.084454179,0.582800223
3.622223048,-4.013690787,1.874332809
-1.255113852,-3.139367377,-2.555500699
-0.072903133,1.659818127,0.911509062
-3.175405735,0.765770703,-0.775391727
1.559856743,5.937518558,-0.831584579
0.812910724,-0.202260694,1.891637528
-3.521927311,-2.372424897,-0.60703926
1.70535411,1.309038222,-0.352997113
4.334876315,-1.509414032,0.066770153
-1.802531708,3.220021133,0.285747508
0.403466485,-3.946873126,1.965941772
2.557456462,0.106582533,3.053762159
1.344192985,1.608595295,0.255990104
-1.672985983,-1.38973089,-1.271928995
6.341321315,3.746529841,2.606504573
-3.605619359,-0.580903136,2.452381845
-3.439509111,-1.511597176,-0.350604232
2.182633562,-3.392537226,1.546250092
2.453965446,-4.990960762,-0.33940278
-1.737995707,2.081623834,-1.246014462
4.033361506,2.539971136,2.586774757
-1.925797544,2.030342083,-0.477483499
-0.616973345,1.034242646,1.442144699
3.483202517,-4.284186376,2.643339118
-2.911084772,-1.690340835,0.426638872
3.57758522,1.907691595,1.707438651
-2.795791374,-0.50984682,-3.110538543
0.720817354,-4.398025072,0.24595352
0.121477238,0.442201385,2.125683993
1.187135676,-1.436144604,2.617827812
-5.578260517,0.164612941,-3.339803669
2.675592238,0.046031965,-1.97303056
1.420748209,-0.605333032,1.069811327
2.695234506,-0.746498539,0.029068539
1.412401271,-2.298079589,-2.671583601
0.215838216,-1.700906519,-0.371483223
0.087831068,0.100399407,1.012083705
-3.109469638,0.826291927,-1.26256461
-2.288228054,1.531980358,1.017789087
-0.92047752,0.820110494,0.071113008
3.097540534,-1.960112165,-1.148481874
0.202477338,0.028250789,0.560740808
-0.162850796,0.473213817,-0.869278262
-0.659018918,2.623862003,-1.650900165
0.693734744,-1.556162347,0.863503055
-4.701020446,0.21156895,-0.660385461
-1.904347745,-2.85243017,-0.096793447
3.400287505,0.606509626,0.717134412
-7.530600382,0.155475931,-0.144861738
-1.427364411,-1.630744462,-0.259246568
-3.665319673,1.578535278,-2.264572489
0.647597436,4.532562221,-1.831749455
-3.467310407,2.015072589,0.248451872
2.416549643,-2.107976745,1.018304763
1.904350642,0.49061828,-0.289901417
-1.099651484,3.962481125,-0.872713733
-0.290512922,-4.386110695,1.626849296
1.074995054,1.711030423,-0.827925049
-1.63432362,-1.562278361,0.248029292
1.932592028,2.53437313,-3.320762369
-1.396348883,0.28263615,1.861589189
0.999685198,1.625077374,-0.119204437
-2.538801769,5.02536756,-1.442993626
4.314699092,-2.528607761,2.626712874
-1.690745223,-1.966857524,0.031389292
4.287755166,-3.515405849,2.882999045
-3.598814732,-2.340509683,-0.223592382
2.56119713,6.295106985,0.423852433
0.166819198,-0.160533535,1.937425072
3.479220479,-0.782168416,1.054581574
-3.777947093,-2.120665268,-1.088127896
-1.099368899,-0.402069542,-2.080621573
2.366975714,1.556640452,-1.027926907
1.294919132,3.541023078,-1.161398124
0.660168458,-0.317657777,0.939948904
4.17196335,1.006808774,0.94616391
-3.95956618,2.931786642,-2.75176493
0.29267913,3.498553707,-1.278345978
0.456008559,-4.998271484,1.484920142
3.034823551,-1.057633365,1.51810375
0.219615319,6.841244623,-2.16645915
3.352624273,-0.37804238,3.030804431
-1.610176386,-4.162256294,0.24106919
-0.048117768,0.130546278,-0.643576454
2.231712632,3.86727902,0.79160902
-2.377880344,2.409275649,-2.644001731
2.354862326,2.674894511,3.609130479
-3.742443848,-1.118564291,-1.547233727
-0.280021782,1.07315218,1.054540612
-3.481139382,1.311671223,0.414410425
0.481904389,-3.568869772,0.6245957
5.252798206,-0.61347322,0.030783668
-3.37586319,-0.678015691,-1.414567709
1.776814531,0.438680761,3.162795964
-1.984190019,-0.244408321,-0.651456285
-3.973929791,-0.924275049,-1.214769663
0.222800627,1.14108955,-1.875274329
0.077918323,1.591227795,-2.613282747
-4.608965127,3.883383999,-3.122141356
2.686829406,0.580454601,-0.576902626
0.538010246,-0.277930405,0.630355447
1.252350528,7.369779253,-0.728583757
-2.994877658,2.024899107,-3.934664215
4.164927036,6.83388185,1.269334254
-0.515274633,2.058203673,0.01872544
-2.073345427,0.597492091,0.140289204
-2.138996216,4.47269165,-3.567950069
3.448624377,2.327537443,0.9709586
-5.446549508,4.058663015,-4.106213531
-1.397772897,1.397486457,-0.895049743
-2.961821012,3.804474865,-1.214335358
-0.742018874,-1.845939665,1.570802091
-0.656064912,-0.538881755,0.26494116
-1.400443792,1.840708226,-1.34058985
0.319901725,-2.865620324,-0.075794583
0.805287248,-1.429551862,-1.247290733
1.844498835,0.453372189,-1.892896333
3.411867824,-4.882081741,4.961217116
0.830861744,-3.099567491,0.726314166
0.46548511,-6.519339091,1.304541829
1.70248747,-2.07070486,0.970576082
-1.339720979,-3.599154418,2.686145885
4.075780836,-5.671990108,2.635836937
2.093833668,-2.379149309,3.310661478
-2.707027708,-6.364568779,-0.799378023
1.820980538,2.30894295,0.237709382
3.701686337,-1.171603091,2.885494341
1.894384822,-4.375581631,2.350119502
-1.854167093,-2.720857634,0.457688417
1.546864686,-1.055879883,0.854563816
0.448051493,-0.123258705,0.729229004
0.010132944,-0.073300213,-1.357232993
-5.262098158,1.01329718,-0.021577804
-0.132719161,-3.227013591,2.436004093
0.708155188,-2.930740544,1.925643275
-3.791855681,4.072103509,-3.393010214
-0.91742796,-4.63100451,0.099321033
2.829769625,-0.007813777,0.393734355
1.657429331,0.571182481,0.954620918
3.458944691,-3.33782314,1.922717672
1.565483869,-1.772713252,0.964287771
2.27316053,0.183427472,-1.860505356
2.788770671,1.663057504,-0.122570799
-0.545583154,-2.92209807,-1.316992326
-1.447201498,2.639489594,0.464526239
-2.640667573,1.403106868,-0.605838851
-0.012311777,1.74883022,-2.691126253
0.64916519,0.458059471,-1.194515352
-0.37700652,3.808322089,-2.09067308
-2.316398027,-2.244009063,1.099456239
0.559328612,-4.911250516,0.110120221
2.491485635,-2.282084506,1.353869359
-5.956174432,-0.346117926,-1.853028769
1.206089739,-2.565448412,0.523470238
-0.317564969,-0.348061246,3.167038549
-1.766726152,1.932829515,0.756373669
-7.531952469,-0.490107501,-3.637665311
-0.177280928,-0.378807856,1.300069393
-0.359583018,1.271932548,0.188689196
-2.596341446,4.682000277,-1.883288775
2.407054866,-3.262443851,-1.982129525
-1.163841203,0.136444148,-3.108170909
-2.437166933,-3.558649053,0.75294766
-2.049253211,4.501950213,2.284168383
-0.546318095,4.385086639,-0.281728441
2.445880754,-0.183691331,0.290379624
-0.921749411,-0.406487961,2.389739787
1.621855162,-5.438081671,2.131599769
-3.57369604,1.092945902,-2.120079914
-0.343142217,-0.063667271,-0.640294936
-2.324209744,0.52892716,0.778048875
-1.209468223,1.372341344,0.100878018
-2.628278224,1.211603412,-2.726598536
2.827703256,-1.895449301,-0.414968096
-3.324864729,-1.118529927,0.273960648
-1.965963592,3.062709147,-2.852795359
-3.426877581,0.108133719,-2.595153664
3.03920747,1.136312076,2.070716189
1.196706208,-1.135386006,1.752173161
-0.689842008,-4.973091793,-0.583684754
1.03105811,1.777661323,-1.923215246
0.431121682,-0.294630017,1.48378095
0.275495916,3.385925364,-1.47649918
-1.034508868,-0.48241902,-1.78054936
0.879110483,-0.845705408,-0.342733383
-3.414466002,0.818013768,-0.742990248
-0.738108267,-2.499127591,-0.901935686
4.619584159,-2.542273263,1.553821786
-1.789720658,1.349867854,-0.89093546
0.036905013,-0.892082709,-0.694215859
4.801688749,0.572100468,1.033998598
1.485604955,1.537052842,-0.043954116
3.085610045,1.61289117,1.004494875
-3.395021759,-1.582486907,-0.951466757
-0.399754579,-1.333454691,-1.339001087
0.6609872,1.296083448,-0.425910887
0.701128774,-2.647030957,1.75958494
1.696361683,-3.983444316,0.924124623
2.032578789,0.259625846,3.158695367
1.052939308,0.285363282,-1.654087211
0.737911755,-0.892019031,0.396216077
3.886865568,-2.403766712,2.053515097
0.506348848,0.885516753,-0.770945463
5.036558092,2.69439741,2.004210997
-2.097878561,3.22309019,-0.789567508
-1.74432464,-0.737299844,-1.033805973
2.295952455,0.477368356,0.757064881
-2.170973054,4.188159325,-0.88963857
-2.510636211,5.526834734,-1.008871473
-4.016920799,1.741556553,-3.825467093
-0.066556069,3.027624055,1.781357752
-0.715855541,-2.184710271,0.519665073
-0.445246155,-0.045230948,-0.662023214
-1.62432675,-2.369860288,0.846429229
2.140220524,-1.820836377,2.08140892
0.391529638,0.452145647,-0.032489542
0.030167548,-0.822240093,0.768008424
1.877687881,-4.989715725,0.373087954
-1.145231277,2.819730251,-0.208593455
-3.615834722,1.707807661,-3.127277094
-4.57294863,0.163688978,-1.46799012
1.974972524,0.273570468,3.932293077
-2.137389511,0.170875572,-0.239872729
-4.65223573,-3.959560698,0.776818648
-2.965837746,3.250073864,-2.950941422
-1.039556715,0.777437357,1.017920145
5.00721492,-4.418371062,1.875478262
2.463297909,2.439520104,0.556375477
-4.89284088,-1.598038255,-2.24418759
-2.605808876,0.148597139,0.584070018
1.113668377,-1.16819809,2.087063807
-1.455823956,2.502209321,-2.850979035
1.570428352,-3.046721432,0.422014616
2.525574303,-0.617307949,-1.386722754
-4.785662551,3.315158604,-0.929708926
3.11388354,-2.939688792,1.69879897
-1.565600828,1.78770799,0.263976815
0.503521463,1.332261581,1.953776897
-1.692472232,4.625687328,-2.355844248
-4.028789808,5.064205819,-2.988231064
3.137796983,-4.165197229,1.789688017
1.740547556,0.687685021,1.532626738
2.202575091,-4.837812432,0.262866385
-0.81863633,2.997779271,1.06757108
-2.559212157,-4.080989765,-2.543924479
-2.351763245,-1.105382626,0.068308935
-2.588992469,0.783684864,-1.550113711
1.363843782,1.939539711,-1.20078507
0.238953702,-0.575467524,2.651451968
-4.408706625,0.876530116,0.081839745
4.174649478,3.93097384,0.328040544
1.559571778,5.586252538,1.072817825
1.04014289,-2.4782969,0.74622293
1.668478979,8.765787844,-0.095595357
-7.14603968,2.140792451,-5.561746939
-1.993603104,-1.935375359,0.82050094
5.314205307,-2.7724749,2.193361009
1.129599162,0.821699947,0.800631275
-0.719000322,3.314264407,-2.887879661
0.289460064,-1.774820355,0.383393207
-0.394032989,-0.262633622,0.408753827
-1.473867563,-1.709609063,-1.397956349
-0.194424478,-1.385981598,-0.721519802
-2.098599114,-2.371548848,1.142902026
-1.189761299,0.528309444,-2.01858215
1.345276386,-1.130871682,2.087425248
1.806573557,1.188956521,0.793412997
-0.317397609,-0.178939805,-0.330944371
2.280035417,3.537344145,-0.046130397
1.596967596,-0.466004498,0.838272208
2.426179874,-2.224201391,0.984977352
1.448072131,0.09156282,2.841230584
3.884859868,2.268584208,0.582151554
0.710216705,4.461168499,-0.323228888
5.624084448,-2.145467254,-0.693743084
-2.146191397,3.157142937,-2.157048432
-0.110936026,1.023802717,1.653845149
1.035806751,-4.891505123,0.200244571
-0.52310394,-4.056274377,0.351648365
-0.104120455,-1.510767093,-0.184179696
-0.23591577,1.452363483,0.498995867
-1.000017956,0.953835,-0.519850745
1.28215019,1.700292051,0.605229544
1.290018101,-4.024872165,2.258434399
-1.991945425,4.968650921,0.519266136
-0.985105129,3.101513206,-0.066469051
-1.070164572,-3.739760284,-1.478587896
-0.524265939,-2.911234351,-0.829899707
-4.005246144,1.274306297,-2.339290543
-1.986916707,2.692898904,-4.784524729
-1.218937159,3.224853009,-1.121554697
-2.237766191,-2.317132081,0.807116922
-0.538558054,4.360317011,-0.812437785
1.010169502,1.013453352,0.348642682
0.300175622,1.607482844,-0.825492815
-4.260004306,3.777173143,-1.947215083
1.035230596,1.074804437,1.368160192
-4.432577123,-3.528342688,1.393499066
0.68271944,4.001968878,1.264088613
-0.197392503,4.403957171,-0.779531508
-0.881533697,-0.330446356,-0.341282814
-1.152107316,-1.823143605,0.956122845
2.180575129,-5.986949402,1.781022943
0.94583438,-2.210460095,-0.353340425
-1.905215894,2.545481085,-0.278173933
0.784093992,4.103511672,-0.855797955
-2.684690222,0.57910767,0.636491369
-4.439218948,1.763242171,1.044728194
0.727944128,-1.80496618,2.639836914
-2.010839255,-4.991881315,1.441058824
0.580195742,2.591131314,0.732688752
1.052765945,-2.647720793,1.016323889
-0.159134872,0.413184615,-0.229396346
-0.73619019,0.35557499,-1.275923016
0.569767728,2.639960322,0.665001522
7.104918798,2.968202727,2.710693138
4.753355671,3.658132868,2.010390504
0.235182967,0.686846519,-1.777493957
2.529569799,3.719932511,2.180461357
0.035085212,5.519319391,-0.730828563
-0.206995027,-3.020459497,0.52639417
1.307503331,3.212287604,0.784376921
0.593715223,0.381354339,0.382248101
-4.424351346,2.153358313,0.465282406
-4.330998259,-0.142893443,-0.830428676
1.927352099,2.23425102,-0.540189663
-0.88685727,-4.043361585,3.509662659
7.9939935,2.097080468,1.124873821
-6.154755837,3.142181159,-3.184034694
-4.343601587,0.725619959,-1.518279488
1.289284144,1.354402595,1.973512081
-0.920732988,0.149755951,-2.453343288
0.472099869,-0.384735464,-0.420872335
1.50299261,1.72819358,0.618813161
-2.488104018,-2.344503044,0.417876816
-1.712459594,2.176021988,0.311343168
6.871952998,-3.789103844,4.281569589
1.930997902,-2.308553711,-0.489364969
3.030421393,-2.47730431,3.206004852
-5.649379148,-1.727697832,-0.492030095
0.248990912,-1.89763445,2.115886869
2.144906388,-1.46843644,1.892952524
2.810106027,-0.642246411,1.427377659
0.093296045,4.564571941,0.517247988
0.245562454,2.77345666,2.14018787
2.363232244,-0.776042796,-0.193192431
-1.599368514,2.334192161,0.138077403
-2.001569226,0.870255986,0.707865842
0.013639996,-1.397376031,-0.859704944
0.777961085,-1.092168057,1.044137333
3.114375714,0.468723888,0.469081178
-1.724583463,0.857482031,-1.583004032
-1.320589815,-1.414108605,-0.565264661
-1.79178756,-1.253365179,0.276985892
-0.988012183,-1.477251929,2.457696093
0.733863079,0.806557837,0.532731965
-7.104872222,-0.855707949,-3.149455246
2.02465621,-5.29628891,1.305964672
0.205676825,1.520846997,-0.809947595
5.924712115,-3.31574278,0.879490698
0.841835574,1.702979329,0.604666169
3.647729184,-2.16837072,2.627688736
-0.333541561,-2.053756711,0.199135864
-0.433282211,3.496810507,-0.731754422
3.977467985,-5.25862068,2.183235926
-1.260101184,-6.586071485,0.382037987
-1.33253876,-0.668911983,-1.726933904
-1.651801002,-6.933674238,0.627960403
3.000182881,-5.584293477,2.5255888
-1.275863669,5.037745529,-2.288825354
2.062784102,-2.506147651,0.172264999
-0.003962761,2.090639118,-1.224092838
3.416474655,-0.022384209,1.602702946
-4.052556403,3.695806158,-0.424277403
-1.728317061,-1.481265686,-2.363101567
0.864143058,1.281123315,1.097206458
2.14861096,2.699891584,-0.015514548
1.365315704,-2.330705756,-1.867723567
1.917818878,-0.692339144,2.201409031
-1.800824889,-5.69069769,1.999071778
-1.781859733,-1.951907735,1.913094582
4.788739848,-1.236101392,3.909867907
2.600381018,-0.361831093,2.406381015
1.0175653,-5.284935408,0.562151946
-1.55330001,2.50651563,-2.49764916
2.809437358,-0.737359214,2.257556534
2.185208827,-0.440500943,-0.766323865
-2.691506344,3.042220963,-0.080359302
-4.056398327,4.88404399,-2.186934805
0.563772727,-3.96760275,-1.652637182
0.585647956,4.013774255,-1.482204414
4.528933373,0.91461164,-1.795423912
0.058129991,4.832400351,-0.896843601
-2.298009221,-2.964029195,1.751638613
-6.045233836,-0.482994241,-3.749985332
1.612325524,2.778407741,-1.099195049
-1.008076303,-2.318467432,1.040260668
-0.452201584,-1.483954921,-0.232065389
1.419356155,-0.755283805,-0.078778981
1.1952726,-3.029015164,1.172221112
3.306495383,0.105435128,-0.12126
-1.142980343,0.736511325,-1.755438179
0.365851899,-0.767327208,-0.231019469
0.951543921,-1.093955161,1.220162982
2.950632047,-0.834623216,2.550906199
6.654252605,-1.578353041,3.119558548
0.995142848,-0.740339537,-0.438399898
2.957343258,3.561795235,2.80678361
-3.168335671,5.328137347,-4.739973715
-2.576205929,-4.07701137,0.172150682
5.808858973,-8.101203164,1.22404469
2.89705149,-3.948302174,3.201763888
-1.755374528,1.877663058,-0.135332013
2.17582753,0.391591169,1.094490701
1.149958422,-3.655940584,-1.362317516
-3.398091869,-2.475133566,-0.093527802
-1.913341735,0.409430262,-0.708912768
4.183500284,-0.149173045,1.493456383
2.284731939,-2.314111048,0.940935958
3.810058372,1.925376847,2.087410425
-3.247787225,-3.000402728,-2.034005272
-1.392519719,-0.184847259,-0.114985045
1.017000365,-1.596911574,-0.294468869
-0.522892732,1.889843773,0.350274501
3.472725,-1.737036678,2.018337945
1.670147561,-1.627569283,1.332713869
4.256936198,2.550640709,1.168222554
-1.528740386,-4.809168899,-1.718164782
-0.98087595,0.978319718,-0.516346193
-0.251009396,3.047315239,-1.770584272
-0.041414421,4.234591156,-2.133395989
0.900346822,2.705365113,0.317157282
-2.941160056,-0.597436599,-3.297949809
-2.756136043,-4.334066743,-0.338950977
-1.687895751,0.957821183,-1.309695322
0.342325945,2.158356625,-1.038648342
0.755573688,-2.2534271,-0.015570224
3.807774234,2.597140911,0.620934836
-4.753809628,6.065241458,-2.265842012
0.229884531,3.79021563,-0.803608774
-0.423828334,0.340148244,1.537457709
2.565723039,-1.71905281,0.760765777
0.923353311,-2.159118974,-0.662149576
-3.764407936,-1.639332086,2.136773234
-5.032427472,-0.56824917,-1.46602388
-6.422120851,4.373536489,-3.819076121
-0.836397231,0.241406512,1.04723335
1.772526777,1.119619119,0.908144692
-2.401121243,4.404465314,-0.182924528
-0.236699477,4.528890113,-3.101081856
0.301709678,-2.218945443,-0.629911818
-1.403957968,-1.64073087,1.729452776
1.947214387,0.614833788,1.734654258
-0.388680222,3.046079637,-0.900918093
-0.021265955,-0.33550861,1.285169389
3.595333763,3.060057348,2.323456499
1.157032562,0.310252979,-1.289640964
3.95266464,-0.489170105,1.351527093
0.886421926,-2.049820653,1.962435754
3.006500287,0.658245467,2.309675908
1.721671224,-0.298284259,1.452602073
4.403584735,-0.404023829,1.697155203
-1.879375156,-3.805820363,0.657810005
-1.915972632,-1.760983884,0.219946913
-1.20749202,0.275548477,-0.318572896
1.707184649,-1.643340393,-0.383830323
-2.107159855,-0.492655478,-2.589601416
-1.765845815,0.838782123,-0.35986704
0.350944214,0.197408181,-0.282732936
0.894746531,-0.01783826,0.375411731
-1.514330741,-1.589353209,-1.643012342
-3.355370046,3.248762974,-3.029574579
2.436283914,-1.318555889,-2.379141324
2.040857219,-7.724288774,3.233905795
-3.981070879,2.497662743,-1.623945563
-3.388265637,1.923752752,-0.562634109
-1.153953181,-4.931214166,-0.37539178
2.732971398,0.789467967,-1.825129052
-4.117089172,-4.341461851,0.344051409
4.931671487,-2.377378114,2.588108602
-4.104555737,-0.378464646,-1.1574957
1.853413516,-1.252786999,2.275162134
4.490325034,1.815436061,3.083920971
0.615546679,-4.339848968,1.711476915
-1.68370372,1.35980308,-0.43383305
1.463531407,-0.246542937,0.469622764
-4.066930037,-0.018231113,-0.907837898
-1.984403938,-2.694358054,-0.164444004
1.560592979,-1.992000718,-0.410442685
0.217002798,0.126132324,1.966975377
4.228375372,1.870539234,2.186494469
-2.626431477,-0.028190895,-1.765507397
-0.254999131,-0.260575405,-0.057867136
-1.417085525,0.913768997,0.902434258
-7.323113983,1.849573692,-2.617852986
1.38274305,-6.793715713,3.035954375
-0.054502546,1.02203404,1.865963474
-4.659996657,1.953018885,-2.071377797
2.801227838,-4.804164557,3.375690068
2.0396237,3.046765402,-0.528943378
-0.980830663,2.826239454,-0.92615224
1.554422797,-1.156315422,1.055080585
2.786737562,3.234851587,1.901203321
4.577485772,-6.642686778,0.333678252
-1.110174375,0.762850745,1.049717104
-2.407984517,0.972805186,0.008162567
-0.211022014,-1.488531656,-0.136428808
0.439766364,-2.467961225,1.954983734
-0.390808254,-1.432867962,0.611664027
-1.563009456,5.014921014,-2.640824594
-1.05620288,0.879422663,0.379788166
-2.093791821,-4.612091071,0.186858859
0.512394833,1.750888457,-0.585184691
6.320686163,-3.692630339,4.096844109
2.309651585,1.948982722,0.750687668
-7.259342357,-1.227833513,-1.338374582
0.483617128,-0.17151148,-0.816940817
3.174815654,-1.239663368,3.058643311
-0.108062224,-3.220833081,0.503955959
-6.148889529,-1.573305166,-0.85658188
-2.911284769,1.466979384,-1.586741301
5.645588665,-4.133237894,-1.302802598
0.004421977,0.120636106,1.592721529
0.525460601,0.18219747,1.316813013
4.155923941,-0.148581885,2.364869022
1.084373787,2.19731747,-0.271302779
-4.366575903,2.608425675,-3.225848161
-1.816515723,5.814408883,-1.292857469
-4.579543418,-2.421185469,-1.406911838
-0.843109753,-6.578979829,0.855959199
-4.633167654,-1.032068507,-1.400738584
0.659721407,-2.251514852,3.127340215
-3.96872564,2.438539702,-2.793693267
-2.313659241,4.292681939,0.104701013
-2.980027926,1.425388007,-1.28386866
0.740881512,0.663113821,-0.059959852
0.482091699,-4.33298109,1.710239787
-0.3356014,2.819348179,0.294480197
2.030561867,-1.117106911,-0.072457059
-0.297665504,0.72829447,-0.494425612
5.492651436,-2.050058292,0.395265632
2.71102007,-3.15165662,0.685552691
1.742559544,-1.910045477,-2.562501164
-0.44713748,-3.040094944,-0.644934727
-3.597078564,-2.088006843,-1.14839553
-2.040549121,3.409299243,-2.988595036
-0.401367888,-2.450938634,0.460460001
-2.172344715,-0.290632329,0.540329405
0.682490956,-3.558694541,2.612260681
-1.853703173,-2.763762256,2.613816629
1.157975057,0.517789887,-1.530598491
3.818550944,-2.408991646,1.479511641
-0.561789819,5.463920647,-2.223713819
2.13715885,-0.783122904,2.294005738
0.652357289,-1.382810944,-0.442855016
1.102135916,-1.981196948,2.193257375
-3.294693263,0.932856052,-1.890010954
1.267007611,-4.220466573,0.932988479
-1.329951266,5.12139719,-3.087146741
2.1202608,-2.003611842,2.24034733
2.734453854,2.234907621,-1.932114283
-3.052845246,2.25481527,-1.451290563
-0.303949196,-2.084389734,-0.079087902
-3.288786009,3.630781433,-1.077650737
0.338359983,2.799523994,-2.046399495
0.42994985,4.76840219,-0.493413382
-3.420310113,-2.008060281,-2.250132585
-4.073014203,2.241396779,-2.732915226
2.78612966,1.714365079,0.28481163
-2.088385081,-1.983649057,-0.582192538
-9.752735788,0.476952505,-1.806843956
-2.052404571,1.763295787,0.373033634
-3.30420133,-2.706704328,-1.371289771
1.184700293,3.543527475,-2.11148508
0.209522494,-1.594679326,0.408026212
-2.253114933,-2.381858683,1.126150655
7.810927411,4.234937991,1.866756345
2.60514556,-1.595345598,1.847565247
-1.851576975,2.775821522,-0.809107622
0.997340412,0.965635,2.768272652
2.389748538,-1.31269739,1.26795449
-2.876741272,-0.038950649,-0.715408234
-0.891826288,2.646237667,-1.28262928
-0.686273553,-0.571090338,0.004438358
-1.659884423,1.743235585,-2.275034536
4.120507781,-0.377526352,0.254317021
1.755185175,-0.847504207,0.802191273
1.599055036,-2.801881506,1.825213041
-2.713309136,4.146006589,-1.218999068
-3.097229986,8.904231705,-1.809121963
-3.121980764,5.065755989,-2.689207805
1.428529812,-0.815435254,-0.790241814
-0.204292246,1.628413186,2.055398444
0.321057904,2.66253111,1.515272757
1.242201052,-0.155237496,1.142199197
-2.048850511,-3.841531313,0.131666314
-0.583796728,-2.683587587,0.621352445
-1.064424135,2.963958349,-1.863455894
-0.42446386,4.209222328,-2.418163821
3.605370928,3.055562135,2.182768818
-3.75022989,2.470699625,-0.921703508
-0.475529363,1.518588041,0.708718864
0.244083788,-2.61113896,3.56463206
7.226372288,-0.912783249,2.71093932
1.090197095,-2.586789396,1.69480857
-5.353102754,0.988930192,-3.56699479
0.704645926,1.994397399,-2.192378054
1.68076616,-3.32626487,1.457877914
-4.516844978,-2.113512285,-0.278942728
-1.252838761,5.138951249,-0.425411833
1.613506762,-4.658732232,-0.12271605
-2.79737682,-1.597579498,-2.712337356
2.467068244,0.060500833,0.883377164
3.313561839,-5.830404675,4.156992358
-0.002304575,1.527064657,1.40622831
-3.695562749,-0.497361128,-0.453062383
-0.016417127,-3.925662908,0.15977263
2.349940804,0.571021787,0.298000142
3.15670333,-2.738193212,-1.300092675
-2.151339467,4.162770819,-2.680262624
-0.231276706,-4.726191792,1.866977752
-1.080651283,-0.881128617,1.039522829
1.489066737,2.415909783,-1.38851846
2.842425667,1.526857041,0.809798743
1.9995787,0.413303932,2.221955424
-2.465775637,1.432222112,-1.459425421
1.485133041,5.214370781,-0.959242002
1.603406769,-4.600534174,2.448827664
0.643842857,-0.619473448,1.242259981
1.081962683,2.701700016,-0.159894709
-7.357755649,-0.75939342,-1.672538439
0.360106227,-1.860323104,-1.085526861
0.619291294,-2.452801143,1.745132183
2.343211216,-5.429730843,1.30957666
1.761817916,-2.310571466,1.112369722
-0.975496516,-4.513045394,2.474932952
2.165653836,0.061481122,0.612910936
0.208809339,-1.739827197,-2.752028522
3.32569331,1.376844426,0.347843908
0.525152873,-1.457536895,1.722436501
5.488351816,-0.818943966,0.407504357
0.142266659,-3.678175397,1.151893863
-0.541940692,-0.085323056,1.00392972
-2.418171185,-0.862044266,-1.193786791
3.092602442,-2.215225004,2.953595395
0.787737838,1.261510858,2.658870914
1.799670701,1.741656932,0.602428372
1.156952376,1.303502126,-0.743207066
0.709580647,2.954675602,-2.057144776
3.19171054,-0.559591801,-0.084439338
0.819553082,-1.712053713,-0.868642712
6.277667112,1.312404597,2.57530125
2.214704372,-1.184117247,0.168448511
-1.180507658,-2.974222035,2.763781395
6.952040055,-2.007036311,4.516632655
0.056712067,0.509168472,-0.389813948
0.041602177,-2.934541483,2.169216816
-3.085118809,-1.88149365,-0.904225865
2.851014465,2.038326049,2.18887743
1.127108331,-0.87321388,1.600353962
5.898449809,0.430326646,0.320560875
-0.530075594,2.668703358,0.941363991
-0.022236201,1.200492793,1.839530656
2.466342971,-0.837549601,-1.629903085
0.193776413,0.172118527,-1.337347803
1.919848126,4.677266929,1.374594746
-1.814392396,0.539759282,-0.098689468
-1.156580013,5.347451089,-3.540605434
2.405134839,3.201578508,-0.836741626
-0.98647723,-2.164952506,-1.512345806
0.883575242,-2.316081039,-0.594271665
1.229933452,-5.463937145,1.938544497
-0.771255495,0.096536901,-0.605454298
-5.753652048,3.40607603,-3.472805476
-0.480016761,1.532973506,-0.615522424
1.12608451,-1.637101511,1.073751445
-6.252085917,-0.480158265,-1.319772153
4.806054595,2.79969355,0.991552396
-3.613667037,2.209602573,-0.234777499
-0.343399759,-4.019542634,-0.0597171
4.300633653,-2.068258298,0.934706181
-1.998431464,-3.237024004,-0.079006109
2.664893299,-3.503880396,4.55929719
1.137661657,-1.128423971,0.346682742
2.434723753,-1.1500298,1.328568986
2.813487309,2.370270017,0.365741867
-3.343836585,-2.307516249,0.823367411
-0.394823688,-1.705161604,-0.483523657
6.149467479,-0.500830673,2.293126943
2.083899085,1.12263945,-0.402344594
2.604115517,2.856806903,2.20591529
-1.423713613,-1.136103962,-0.84381051
-4.408696572,2.300554426,-2.059979024
2.453264439,-0.387454324,1.083997254
-0.616806963,3.591557693,-2.006473576
8.569199445,-3.082164062,3.023859361
-1.291764026,-4.52797964,-2.253666333
-3.346516776,-4.10095906,0.311254869
2.35541044,-1.734178346,2.030346845
-2.250599291,2.749455693,0.563780875
-4.766526571,2.761502579,-2.390107529
-2.537928881,-0.875785604,0.089412971
5.372746371,0.062413329,2.263684838
1.205512842,1.09625961,0.582246056
-3.45049898,3.317064001,-1.878819145
2.647859544,-0.256723419,2.540201727
-2.658636321,2.595538338,-3.997957252
-2.907431277,2.292214658,0.020774955
-4.202632291,2.724421949,-3.202937615
-0.306171906,-2.532444695,0.206589305
1.311462788,2.205623542,0.261012872
0.404828392,-1.645263728,3.027117275
6.353738627,-4.176084003,3.006387578
-1.650049281,-0.399294902,-0.744936767
-2.280243528,5.146411712,0.967524345
-1.965909933,-1.786209177,0.416686738
2.926317082,-1.987608308,3.063612846
-1.954864998,3.628933014,0.043870575
-1.017352202,-0.936040703,-1.093739882
0.822745066,2.758475226,1.135720969
2.107077257,-3.886359539,2.131387737
1.753158914,-3.925726844,1.755526115
-2.58776522,-0.899582209,-0.520635157
1.008528445,-0.699908812,0.037310969
-5.047325326,-1.818898864,-2.186486373
-0.279636689,0.282420262,-0.300805018
1.889257421,-3.068808738,0.770538104
-1.490611438,0.062041502,1.660278871
0.086868003,-0.154612719,0.496771427
0.375665596,-2.52599277,0.579237679
-1.007107285,-1.850331649,1.592521212
-1.266932716,-6.859402018,-1.514295645
2.613327622,1.182169517,2.620172129
-1.959983189,-5.03903236,1.306785214
-3.943481441,-2.162678322,0.684734781
-5.338896586,2.993663245,-1.564650602
-0.094165097,-1.946634124,-0.868307315
2.03874505,-5.61897445,2.446569691
1.405404458,-2.12772041,3.264673853
1.203412827,2.538826198,4.040073584
-1.152621782,0.825548681,0.441457309
-0.687511608,-1.306539867,0.44445078
3.168803707,2.413437142,-0.824773868
0.321449844,1.481462329,-1.334774708
-1.931399355,0.005752423,0.649019114
1.782563565,-4.802550905,2.82877287
1.362935616,0.184442088,-0.046570823
-4.935564559,0.817273961,-2.210223953
0.650870889,4.204425636,-1.051386826
0.384634295,5.656005684,-2.453878838
4.453179105,-1.03989539,1.241176432
-2.935150848,4.730659632,-1.69092318
-0.58872487,3.278789585,-0.194522044
2.053538758,2.321242997,-0.468722985
-5.103955186,0.988445473,-0.069485378
3.403375775,4.591815032,2.471187773
-4.910698892,-0.933283597,-4.697286033
1.398126575,-4.059357317,-0.092245055
-0.613793311,-2.875706586,0.411030615
-2.687441865,4.178001792,0.573843336
-4.171340584,5.354627249,-2.724198658
-0.264519307,-2.414157544,0.353109032
0.072476177,3.01363015,-0.488418183
-2.288252692,-3.747827851,-0.468921806
-2.372557733,-2.265443312,-0.226152096
2.403073332,3.735790168,0.263715029
2.432453294,0.364698818,-0.782077869
4.544905957,-1.603270539,1.167260277
-5.719989033,-4.194768772,-2.36933867
-1.324556696,-3.357519593,-0.60142611
1.234153002,1.674242281,-0.557019552
-1.533390012,1.844361514,-2.379844167
0.952247478,1.645160103,0.852269671
7.097259799,-1.705060835,3.196974661
0.352956656,2.333164858,-1.739466035
3.815262065,-2.055160617,2.903307417
-1.044381142,-0.267199692,0.788612021
-2.187160918,1.297245994,0.224005694
3.856653607,-3.061390341,0.250915922
1.91900724,-1.268445442,0.395879165
8.138755262,0.860588663,-1.463018429
2.962342275,2.911821813,0.510683896
1.252528659,1.106617746,0.708273538
-2.340005134,-2.876939928,-3.612760918
-2.50495402,3.129756529,-2.183303301
-1.925574909,4.552731696,-0.037776646
2.185616378,3.552164729,-1.366495045
-1.544936313,1.20342522,-1.473881546
2.219068016,-2.039274222,0.196173321
-2.989215462,-1.508069692,2.382421399
2.972124304,3.881004556,-0.356904955
-5.212854284,0.732479411,-2.041742104
1.639561085,-5.890214117,-0.34765611
0.077729322,-0.097990661,0.366895519
6.1883036,-3.285246911,1.481259147
-4.580727681,0.063433985,0.423502803
3.886224048,-1.170604055,1.187789454
-2.923331526,-0.324595457,-0.126203519
-1.032250268,2.495589386,-0.053420835
1.114459204,-4.442967145,0.678268203
-1.819276248,-1.299889858,1.360514347
1.587536596,0.194331962,0.32845525
-2.017554214,-0.531444149,-0.289408498
-1.035088858,4.242022081,0.009820743
-0.035682471,2.153490724,-1.464760084
0.495913799,-0.863948555,1.642033011
0.100903044,-2.47159877,-0.403318706
-0.656224831,-0.077289684,0.198224024
0.788233943,3.125380558,-1.548939238
-1.552075358,0.319410998,-0.352675541
0.421007704,-2.745847467,-0.614498549
1.484651488,-2.440299549,1.29086
1.131919983,0.245143322,0.63738218
4.292467154,-1.625653104,-0.084280985
0.288560418,1.283034548,0.24215123
0.250226741,-0.850621799,0.919460587
0.370223883,-0.71668874,-1.074964273
-1.891405836,-3.452196404,-0.983202039
-0.521573749,2.312078158,-0.845245894
0.779511875,1.69661475,-1.746032178
-1.537785885,-3.425894695,0.486006109
5.862700156,1.820139038,2.499824332
-2.016408152,0.130315015,-1.911005821
-0.278468664,0.202060262,-1.245896666
-0.726370905,0.429489298,-0.512470221
-0.0174669,0.470830309,-1.364054087
2.616259337,-3.541006009,-0.46961227
2.458013328,3.002861169,-1.412093808
1.000833756,-0.399319644,-1.796889124
3.449503617,-2.684547886,2.892375479
-3.465166467,3.313185256,-1.919102389
3.451888188,-1.569568399,0.702792572
6.554997027,-3.344474275,2.08699269
0.030283209,-0.2404992,0.623103964
-1.159002928,4.205837516,-1.675878325
2.567408082,0.115427888,0.323132866
-1.168823495,1.475928948,0.733972588
3.819816726,2.011386706,0.242422936
-2.882933506,-1.973999538,-0.630611245
-4.593256972,-0.621189757,-1.174784382
3.730719776,2.372970713,0.368245313
0.977315101,-3.506848989,3.72573998
-2.009952055,-1.219852695,0.272026695
-3.208547541,-1.414460989,0.103470869
0.926643065,-0.444224234,-0.01364732
0.583686521,1.829428204,0.437560451
-1.307687611,-5.063865565,0.416425349
-0.127506525,5.025556858,0.388493584
3.742742327,0.606063459,0.863984055
-1.959341137,5.411563134,-1.929989767
-2.93877912,9.551722245,-0.879648404
1.138621838,-0.426175403,0.405564348
-0.497823067,3.173772538,-2.141763342
-1.215251866,-5.736916691,0.497465635
-4.702666384,-3.667532146,-3.092082698
-2.942358409,-1.366094197,-3.321899955
0.352012419,-1.561570051,-1.5589564
-5.263846524,1.997454794,-1.619612582
3.651829189,-1.980947754,-0.182278459
1.57473113,-0.349155896,1.263703313
2.314544138,0.147767618,-0.3712197
-1.68115612,-3.280974487,-0.401787467
5.973661461,-2.875952533,2.152786682
3.456950332,0.824433101,2.016403891
-1.804883078,-1.457853428,0.543344556
1.037688831,-0.321440649,0.426855523
-0.058131511,3.845140344,-0.151393394
-3.997558835,-0.108834184,-2.19681319
-3.205185996,1.001371996,-1.064111657
4.230778649,1.344202255,1.400019254
0.130357773,2.928766174,-0.284611557
2.511855006,-0.564015424,-0.563728005
4.076291655,4.386223763,-0.572995635
1.805859553,2.692643415,1.426872032
4.51562013,-3.213032726,0.226267963
-2.511769337,-2.482370795,-0.824377424
3.604524887,2.137924317,0.032104483
1.197231423,2.829881897,0.688560808
-4.288297353,-0.11884904,-2.076371969
-0.249237242,0.495657763,0.317631984
-0.014722381,-0.39692365,0.32799973
0.670903796,0.836711457,-2.494451597
0.513310558,1.12770491,-0.570955613
-0.347547916,1.987507587,-0.803904606
-0.709876341,5.774507529,0.646895713
3.373589876,-0.001443002,0.08873447
-3.698662874,0.277636964,-3.135923101
0.801743869,-2.73315351,-0.605597544
-4.385685362,-6.410287769,0.300963474
1.256762907,-4.170650115,2.318098075
-1.539171561,3.968459109,-0.701816946
2.718342808,-6.95520074,3.660107235
1.941183276,-1.647929987,0.217583283
0.50726858,1.021921916,1.901907968
-1.122488888,-1.146366086,2.673036799
-2.216646473,0.07468281,-2.656471486
1.569639768,-4.190921504,4.768960485
-3.605376026,-0.998121577,-1.535369946
-0.955363139,-1.162278768,-3.03962365
-2.134055686,-0.529229829,-1.905845262
1.08825764,4.424860586,0.832410211
-5.596080005,3.304305515,-2.041775602
-3.780372644,2.148378391,-2.34592265
1.454908838,2.542398114,3.27238718
1.912857068,-3.544135772,-0.149370221
0.354859259,2.542748352,-0.869993583
-1.182208368,2.52513624,-0.5767651
3.927217345,0.629312151,0.854403509
-1.151312245,-0.951436788,0.470673753
1.068028181,-3.160846681,-1.760208569
-2.613017055,-1.077629375,-0.713407681
-1.103520369,-1.547801566,0.795408059
5.987432798,0.744978191,-0.014354755
-5.065222164,1.113850184,-4.556361526
-2.913854092,2.760233835,-0.887174632
0.147803983,-2.081457735,2.490871367
1.739562311,-1.906455777,1.248324247
-1.211587096,-0.801860416,-0.830743956
-1.290545639,4.830598723,-2.389306267
-0.440924449,-2.153758298,1.49597491
1.709728423,-6.961873758,1.748033033
0.28841596,0.615451158,-0.920544613
2.887041066,4.845351188,-0.272915294
-3.69184008,2.077168333,1.669838807
-1.456306733,-1.334197402,-0.223932914
1.248334388,-4.947250989,0.794469321
-2.723641681,0.481815879,2.147719599
0.273460962,-0.450235571,-0.717482213
0.133282717,-6.079262927,1.163119686
0.336424108,-1.085269442,4.402735046
0.072168818,0.453490638,0.106727701
-3.404357691,-1.330081421,-1.705463751
-2.37366334,-0.193459847,-0.151052186
-1.556948969,-3.123830248,-0.273803752
2.650577746,-2.781123131,3.675183147
-0.260739882,-0.844275756,-0.706181238
-1.955970174,3.063545766,0.780829956
1.092120765,-1.46246063,2.358894202
2.46078835,-2.05957174,2.342227204
-2.514950908,-3.361762433,-0.590406363
-1.816722914,-2.60036679,0.948102035
1.91152727,-0.487480197,3.78149432
-2.466354711,4.562080629,-1.659411204
1.012804512,-3.591239399,2.960807024
5.519537001,-2.594668462,0.517456551
0.702888911,-3.497687462,0.873096909
-0.312015322,1.015386896,-2.812099691
2.861064905,-2.518090264,1.632760169
-0.522092508,3.221843721,-0.969276549
6.494911173,-2.439204458,2.509459259
1.055236475,0.140816394,0.452355892
-1.956899881,0.931137341,-1.255591595
-0.942840396,0.159739667,-0.588568058
0.84364457,1.848700576,1.412234134
-4.956750032,3.492731532,-0.254954075
0.322762275,-0.531449604,-1.4224888
-1.473171411,2.139465677,1.492874657
-2.275422848,3.542679927,-3.783114475
-1.768282833,-1.487767859,0.207896768
3.834632975,-1.893077482,0.470463436
1.62435649,-2.145095356,1.753110548
5.413736774,0.490262421,0.691246589
0.441168898,-0.705666444,0.859215437
0.846814381,2.204460413,1.943944621
1.539511902,4.66082646,1.40835508
-0.43990203,-0.588596528,0.073285704
-7.487510083,0.287483548,-2.450828135
3.167590115,-1.962443336,2.506953548
1.94194548,-2.744374843,0.32477801
-2.256086005,-1.223988405,-1.735301081
-1.355759026,1.478366277,0.120822911
0.156395734,-0.764277516,-1.762528975
0.544656015,0.444228522,-0.633132804
-2.108787059,4.230345729,1.040548971
-0.18287943,1.709643493,-0.057061257
0.275219033,-4.851756193,1.13109108
-0.069129836,1.854350325,-0.129450384
0.023081146,1.223935984,1.171167433
-1.00042906,3.648817352,-2.226055973
-3.039030102,-0.567829061,-3.393719803
3.147997841,-1.819146732,0.102782568
-0.083377199,-2.189809494,0.478186006
-0.444151842,6.932176928,-3.398881953
-2.18262343,-2.802824216,-0.772657729
-5.491049125,-0.199607061,-3.703057007
2.181595507,1.723575809,-0.88969945
3.042631886,-3.893137251,1.882210464
-3.112961327,-0.219586033,0.813391935
1.154796017,-1.191391452,0.618556559
1.383243805,-1.201451882,2.053430426
0.921864648,-0.721608799,-1.439155418
-0.307947757,3.332343534,-0.904067552
-2.407807212,1.758337841,-2.538137903
0.672584586,0.818842504,-1.452886033
2.985676368,-0.264512515,1.116285905
-5.682798703,-1.224707333,-3.368189364
-2.28774118,-6.513280267,1.506544279
1.654239767,4.247997701,0.13436587
-1.92500741,0.408014407,2.672005153
-3.113539515,-2.141684595,0.326378735
-2.527074974,4.031067303,0.292320659
-0.012364057,0.304773779,-1.447195056
0.075764032,3.929465416,-0.018078266
0.982525323,4.797568701,0.868781633
1.650443311,-5.033316853,1.919422035
-6.066326534,1.071323327,-4.498632399
3.731460219,-2.341919009,2.909803287
2.65713055,4.791591917,-2.038230567
-1.275217241,-2.488524111,-3.130232548
-2.746700168,3.374656808,-2.263573442
-2.776815089,-2.798349149,0.970735817
1.765493074,-2.047122028,0.035793171
-0.335193694,-4.801802536,1.670591084
-3.617551745,-4.417095372,-1.775671061
2.183264157,2.164950016,-0.389383265
1.562230475,0.544688793,-1.394469463
-1.106122703,-5.308749872,0.957246353
1.442844709,-1.182227957,2.691678174
-1.088293785,-2.122296562,-0.575992922
1.62425373,-0.093261142,2.330891354
1.144187869,-2.623104508,0.061203915
-2.133978494,-0.85828378,2.073661597
-0.67742588,-2.064927657,-2.177589847
3.416860474,-1.25177231,0.702534742
-3.132626001,-1.949885658,-2.900124681
2.814875988,1.10962766,0.261878693
1.925189001,2.803665068,-0.243354606
-3.042875213,-0.108037852,-1.419867774
-2.585378613,0.307776217,-1.918427052
0.782612403,5.787364337,-1.351598222
1.831100767,-0.719542009,1.674327582
0.555974334,-8.64009403,3.624751012
-3.272637708,-3.156005619,-3.197082614
1.975996888,-0.084638219,1.408000331
-2.71768296,1.607902358,-0.674362439
1.393498652,-4.052307102,0.591205173
3.252152857,-2.003750294,1.750741269
3.232989977,-2.310700428,2.020183729
-1.682013099,0.274292801,-0.59360516
6.018326263,-4.184588691,4.943452858
1.200501394,-2.23619664,1.011120489
3.40597625,-2.948733751,0.088755032
-0.633077602,-3.084146684,-0.302183331
1.31595829,2.473048569,0.268760654
4.61340625,3.469921631,1.266165309
1.756048571,0.099383397,1.193760758
-3.120932464,-0.684537464,-2.316237985
-0.551145213,-0.784862773,-1.902567152
-2.115787113,-4.382939145,1.022265666
-3.956376568,-0.005811305,-2.141254242
-6.326044536,-1.210674675,-3.839278171
-4.453195421,0.377804981,-2.021405935
0.423348876,-0.489460811,-1.605128851
3.713856641,-2.121344439,2.761890983
-2.170664336,-3.019703116,-3.254309201
1.230685918,-6.595323201,3.455168609
6.290607655,-2.066492345,5.346625038
5.179548166,-2.064086243,1.884128745
2.665816772,-0.253746708,-0.096174248
-0.780875411,-2.24509164,2.060577355
1.343198168,1.081896723,0.449801285
-0.193046231,0.864231267,-1.994796023
5.969966804,-1.408772178,3.512854588
3.514880652,1.109679499,0.879490346
0.293216079,-1.991563752,4.430361111
0.760215832,-0.353725384,0.504361017
-0.004360151,-2.79425098,-0.133383782
-2.394285671,-0.878426282,-2.47767817
-3.994419511,0.479917277,-1.886568766
6.436511317,-2.872949863,3.999637578
1.801090273,2.86946673,-0.682353292
4.610648324,-2.431328017,2.535881736
2.574573217,3.110795382,-0.838557155
0.246074506,2.315639643,0.302068724
-3.167023623,0.056447561,0.203207914
0.200333437,0.882113718,0.264164354
0.617084698,-5.075758076,0.559409572
-0.845123656,2.900781625,1.068890125
-7.64510817,1.64600634,-2.928919108
2.505835482,-2.44090742,1.054038027
1.894064847,-1.920086492,2.128240309
3.944948368,6.635994685,0.278907824
2.750464692,1.039179358,0.419949604
-5.148891792,1.253255449,-5.305331195
0.29418601,-2.616171231,0.429310708
-1.896152286,0.999244377,-1.588622276
0.480265938,1.608120729,1.91368776
-0.712027093,6.094522998,0.807155158
-3.852931655,-5.466426558,-1.514426075
0.124899035,4.408332398,-0.509292954
2.321099205,-1.873737316,1.446105894
-2.437925362,-2.540043852,-0.389484001
2.306758544,-3.862957195,2.022677232
1.460064357,-5.282510559,-0.784388574
-0.16013259,-0.427479038,0.028640979
-0.13279478,-2.559612388,2.345886974
-3.653757043,4.775588571,-1.464650861
-3.343920823,1.181084102,-1.152244589
-0.488454281,0.032543909,-0.320089709
3.555510228,0.639518781,1.458210111
-7.677699202,2.680701496,-3.623607201
-5.163795436,-0.182424642,-1.261126655
1.660756418,-2.930820647,-1.536806841
3.322353489,-4.395970317,1.094128814
-1.423734868,-2.286590812,-0.306407525
1.129878914,-4.748383937,1.310465618
-0.041755376,1.621655453,0.465366204
-4.603684576,-1.306505361,-1.864828072
-1.88105622,2.147354041,-1.271080921
4.583885349,-2.370301137,2.246603194
4.242746429,0.786913571,-0.473955551
0.339893031,-0.290528521,-1.62012444
-0.016068879,-0.334805096,-0.536692695
2.911835993,1.600144453,2.993536769
3.796943087,-2.782647286,1.771052799
-1.212600673,0.042433008,-0.186284239
-3.314877194,-0.596138434,-1.165208562
3.285516921,5.046791721,0.592114707
-2.093141154,0.088732901,-2.43549064
1.299400959,-3.136911556,1.92300208
0.036298078,0.156138311,1.759994326
-1.249522254,2.978389558,0.025728532
-0.664314156,3.194868076,1.620766756
-0.019728117,0.625586962,1.03696547
1.901236545,-0.320823386,1.327073507
-2.452231069,-4.04871853,0.359571988
-0.121131137,1.958864079,-2.630865855
-1.364210252,-1.637928126,-0.121858773
-1.466805345,4.228825985,-0.984075764
1.459868534,-0.596774361,-0.212307668
-0.23078565,0.219695899,-2.97497847
-0.452874071,6.822073159,0.135216949
-2.023065247,-5.737404272,3.319290403
2.966094268,-6.202600362,-0.958826918
0.655077565,-2.06417027,-0.879693716
-4.7745795,-0.974077158,-0.843090912
-4.082447247,6.184792265,-2.216789273
2.001237269,-1.077948571,1.372905279
-3.98458619,3.064738897,-2.482934335
5.134060885,-3.534714926,2.523371077
-0.07837185,1.616665053,-0.028375544
-2.279588271,0.925889916,-1.980797643
-3.398818426,-3.940862987,0.02828745
1.18089787,2.702268133,-0.230681654
-1.954140703,3.410124841,2.010204963
-0.187632147,-0.849836714,-0.889952598
-4.380001699,2.425445355,-1.017211441
0.871701824,1.459128239,-0.325187043
2.171164262,-0.225978504,-0.687556921
0.24715484,0.785485842,1.90853622
3.487523729,0.195551772,4.569998209
7.069322624,-2.902885254,3.953600954
-4.119673478,0.071567177,-2.222173981
-4.861192024,1.259652247,-3.689940381
0.51785152,0.009554013,-0.670716663
2.903495438,-0.343480555,-0.678558887
0.424260973,-1.270927607,0.820265956
-0.011352793,1.804850191,2.096423159
8.178161738,-1.46178503,5.714791068
1.832989908,0.57300103,-0.462493254
-3.152493708,-2.885221959,-1.336112943
1.796426031,-1.612877046,1.71915299
6.211653728,-0.062907591,1.396745126
-3.227364834,6.540545744,-1.459444036
1.7372207,-0.994740054,1.3573244
2.627887898,3.686789076,-0.571429264
2.044421457,0.702016319,-0.398093908
3.611116641,-0.476169922,-0.34277853
3.159891912,-5.574752768,3.138815285
4.322841923,-7.756240911,3.933971838
-0.418797469,2.640760271,0.679263774
-0.96464006,-4.217680174,1.125042965
-0.278894634,-0.385919598,-1.353668157
5.001560962,0.935163124,-2.336739742
0.280835261,4.242422483,-0.304892468
2.313517039,5.427631123,-2.188467256
-3.329115579,-3.396433854,-0.28446417
1.115807689,-0.119861529,1.83218036
3.604104377,0.248483399,3.163105941
0.801615507,-0.837458564,-0.279290812
-0.50639731,-3.07381547,0.645358256
1.083195985,-0.634552639,-0.054235678
-1.41871268,-1.704949772,-1.390681863
-4.608385481,-4.779374888,-2.290797528
4.268241138,-1.248401178,0.570247972
-6.367552259,0.352686686,-1.517684947
0.731724724,0.474186703,-0.554383657
1.160623882,0.71534878,2.49417346
4.989378486,-3.344815312,4.605111866
-4.328405749,-4.803582662,1.280077515
3.327720375,-1.843491994,1.275868644
-0.479163925,0.845774081,-0.196613947
1.463467806,-0.874858849,1.764172464
-2.01312223,-3.135632691,0.201639908
-0.21272747,2.043403052,-0.138460552
1.509106757,-3.364667067,0.168965003
1.524382256,-0.000853811,-1.441883946
-1.509219741,-3.02614312,0.470974539
2.89566122,0.725323721,3.548997204
0.483339871,-0.977743712,-1.196314412
0.279769529,2.714635486,0.417134185
-3.191739939,4.56405366,-0.939549893
-2.108179955,-3.186411332,0.12835829
-2.14725483,0.83954896,-1.412135987
3.082984274,-5.254954219,2.50769584
-0.789554683,-4.438458711,1.624954806
-1.147222634,7.405419897,-2.890071028
0.851283951,-4.06374796,1.926608902
-2.706948659,-0.743223399,1.157541686
-1.451839636,-1.802930958,1.42130111
-2.217726592,-0.453048339,-4.693121386
0.659838135,-2.839542018,-0.299536052
-0.935747694,-3.264119335,2.025448736
1.668578224,-1.40790442,1.082598376
1.914705993,0.871064788,-1.373284022
0.723280349,0.306608783,-1.52890372
0.992825625,2.808846561,0.992468962
-3.738015662,-1.154516957,-2.347307418
3.304847456,-4.430493543,0.325412723
0.516749364,-3.260917293,2.39003362
3.390504208,-0.817304141,-0.544358424
3.552882137,-2.103159331,1.127504746
-2.405402035,5.332593758,-1.12815192
-1.979242402,-2.250175993,0.628532079
-4.082998901,-3.58420705,-1.012520747
2.96457983,-0.938618071,0.375839005
2.773062192,-1.189939708,1.132956783
7.159383664,-0.702251638,2.88864099
2.393985147,-0.33111442,0.493750628
2.443117845,-5.08503243,0.5056842
3.720984343,-1.106741856,2.305190701
-1.786099794,-0.691234211,0.770593106
0.713430612,-4.190456997,3.732082135
-2.019763537,-1.576810838,0.941944254
-0.138963871,0.148634594,-0.257542931
-3.324775375,0.091466708,-0.977484368
-0.711347213,0.625027607,-1.25354261
2.770249914,1.921672254,-0.083284554
0.580833529,-0.610369336,1.63516936
-1.048280518,-1.170830054,2.385278078
0.186288018,-3.536866485,0.227159872
0.532844754,-0.289294544,0.154723386
0.612131498,1.99154059,0.031409295
-1.186357429,-2.458458596,0.017843024
0.526686347,1.932430193,1.214313579
-3.291150267,5.59287908,-2.652735477
-2.035427852,2.457692709,-1.505518724
2.492712182,-2.521703125,2.128818224
-1.112573355,-4.983303277,1.054702894
2.860950349,-2.729680567,0.608155867
4.17621177,-1.850455457,2.104222109
-2.067111258,-2.367547438,-1.028142433
0.574066477,-2.222042276,2.020371186
-1.808411912,-2.194113517,-0.088874921
-2.017129553,-0.533168127,1.401375234
-1.047076452,-5.00144827,0.856375431
-1.571340632,-3.975003277,1.31808051
-1.257824629,-0.264119451,-0.626364645
-5.613526061,3.710878088,-3.06653929
6.32572065,1.765206584,4.940263967
-1.955452302,-2.242018611,0.384007901
0.721538809,3.902659133,-0.267396085
-7.172716133,3.73464794,-4.825118726
4.364773833,5.890984933,0.310439878
2.122143898,-2.772405133,0.441915562
-0.26384077,-2.623835257,-0.208110969
-4.634628763,3.142223314,-1.73528468
4.439004217,-2.991953028,2.790289584
-3.530928259,-2.584884724,-1.183325225
-0.199718654,2.025876871,-0.892013418
1.740692374,0.233272044,-0.862138667
4.959670693,2.84819641,1.405047589
-3.668072867,2.374773586,-0.855802342
0.362423998,-0.870575456,2.401793632
-2.425101311,-4.232883451,1.441248053
-1.591283293,-3.011827134,-1.293189573
-1.588381792,-3.635222051,-1.198011875
1.039010518,0.724757343,1.453907035
1.379724017,-6.69645879,1.105394429
2.357430305,2.062630723,2.666071756
-4.2875729,0.41839041,-0.120452459
-0.103854288,2.527239619,-2.147639481
-1.556616585,2.513861652,-1.757772975
-0.987427057,4.665433858,-0.616187416
-1.61826286,1.058032118,0.591784538
-7.164650269,0.05964551,-1.669401435
1.426114505,3.605582204,0.347475
6.486277742,-2.118516266,3.042829576
-2.571813973,-0.332423092,-2.57884409
7.619600934,-4.211947918,1.517320741
3.519992339,1.401134088,3.75840349
-0.043770546,1.109687784,2.354864842
-4.38673098,2.455985744,-0.883321987
-2.675587408,1.610487611,0.371993345
1.719031678,3.191905475,1.58630919
-1.776042563,1.52597992,0.305004811
-1.490759347,4.978404875,-2.707022334
-1.291270667,-1.252394457,0.737461276
2.360208795,6.301852298,0.16436198
-2.524313922,0.947082337,0.847600823
-0.815877018,-2.734143235,-1.073671245
-6.290569865,1.691162719,-1.604380729
2.938476824,0.478346157,1.824465427
1.282470657,3.276185108,-1.652196415
-0.701357314,1.402417792,-2.562631392
3.175222169,-0.184165538,0.566005268
0.710794876,1.852583853,-0.310143406
3.162891861,2.53564313,2.643279018
1.86337741,1.245238185,0.649782903
-2.274167119,2.380998758,-0.822449738
2.955087458,-0.679070544,0.555632866
-2.137323071,-0.816630331,-1.717132976
0.901407085,5.901664214,0.193788388
5.022692729,0.671128275,-0.026098619
-1.707767362,-1.756982869,0.868702312
0.045099798,0.30546395,-0.444166141
3.89907104,-7.232311457,3.218047668
4.46339225,-3.358814849,1.475416977
-0.357380844,-1.941548827,1.443227355
1.164768788,0.11323326,1.030494215
-1.641120905,0.569765231,1.055010873
-1.326127572,-6.221808442,1.16359896
-3.320091425,-1.949725687,-0.685686971
0.589975092,-2.084331193,3.517038161
-2.028572351,-0.063420864,-2.337632996
-1.649756963,-2.623184642,1.140136922
3.327637668,4.434571167,0.251198972
-3.597049559,-2.663023116,1.674862249
-0.399839122,-1.677550816,-1.406550586
-0.171983187,2.472708613,-1.894694138
-1.639656156,-1.701617558,0.74437401
0.689209275,0.647041243,0.511277553
-2.345645298,1.655158492,-2.683740791
-2.686548587,1.706476145,-2.306441999
-1.058821106,3.352470997,-1.876827197
3.304549624,-0.405389511,0.784092507
-0.700246257,0.223456578,0.642992683
-2.043416594,4.789686572,-0.024220829
-1.688595823,1.354827927,-1.516140654
-2.233884116,-0.407232911,-0.798258765
-0.864542925,4.677263654,-0.105066681
3.012256762,1.850654203,0.627736251
-1.217322083,1.88127412,-4.528937292
0.708199744,0.241361549,-2.564649145
-2.190653707,5.798984256,-0.921362299
2.005774015,1.191859404,1.627767301
1.325923295,0.657266437,0.051403781
3.198518655,1.037350713,1.14039501
2.641586526,-1.609409963,1.462968533
-2.805059435,4.000592325,-3.836705981
1.439432439,-4.119057776,1.620670792
1.556379722,-1.638746609,1.550982345
-0.419325283,-0.690873993,-1.846316708
-0.798930997,2.729785387,-2.879002565
2.912013568,-1.390687353,2.545003222
4.096905542,0.050721039,1.394938353
1.943109083,-2.230089585,0.143896254
-0.355171629,-4.103217937,2.369152369
1.169451508,-1.387212441,-1.119637558
1.750028909,2.664178176,-3.905607894
2.505243623,-0.689802365,2.236155588
0.942554296,0.15890169,2.695562434
-7.754246401,-3.003269624,-2.524129781
-2.292265939,1.290673746,-2.254371332
4.81001812,2.335027039,1.714955407
-1.503590326,9.722072262,-0.308229905
-4.866224496,5.499757171,-2.341782909
-1.993847638,-2.853823895,-1.638903035
4.202074486,-1.035379101,-0.202769655
-3.925647301,-1.202238261,0.473106935
2.061834866,0.21666294,0.74279043
1.697025911,-3.099478954,3.931819687
0.508342971,-4.859557138,1.139286681
-0.784272092,-0.773581068,0.375021127
-5.063999965,-0.033085967,-1.866171224
1.20463387,2.915997363,0.01974591
0.307504899,1.480179869,1.478186245
2.050422205,3.275796545,1.173478134
-3.701534833,1.70035721,-1.834596209
-1.078971282,5.159386827,-0.465677398
-3.889450716,0.464654863,-1.47454294
-2.277560324,4.095967796,-1.498853172
-1.955930786,2.736192116,-1.6637827
-3.396645404,1.071582505,-0.314167334
-0.511504064,-0.216484821,0.918075516
2.719341841,-2.169110583,0.607477579
-4.282821698,6.314439115,-4.530849783
-1.430566199,0.265679106,0.908773302
-3.936036039,1.613743595,-0.238996248
1.158189801,2.456335078,-1.147304156
0.707759249,6.480973639,-1.812341945
-0.670475896,0.391310563,0.368388488
-1.559265548,5.704418338,-2.695249009
1.606302464,1.281181721,0.424518435
2.78187439,-2.362602612,2.13485865
1.496634963,0.752473566,1.992805407
-1.329230095,-0.237947429,-2.120839707
2.238442411,1.890730901,0.4902007
-3.637320277,0.751495619,-0.373176296
-1.190393975,0.300770606,0.935192759
-1.767180826,-0.780390394,0.387701961
0.36796841,-1.403704304,0.411670414
2.691625242,3.007140934,-0.436280279
3.092683681,0.334451941,0.942515763
-1.156348793,5.688122744,-0.688374187
2.460032794,2.266411194,1.543327505
-1.174591793,-0.906830575,-1.640101009
1.999842993,4.597431049,-0.502661902
-0.016762213,0.44490875,0.338301605
0.14065319,-4.211427522,1.629260917
-6.997879874,2.124501981,-2.209221688
0.841533884,6.34380469,-2.315605983
-3.33367915,-3.672109162,-2.127844548
4.193014736,6.075901207,0.325755055
-0.248237443,-8.749621047,3.201268588
5.528416176,-0.330268274,-0.177291292
-3.372835906,1.964769604,-1.551276687
1.65456925,-2.480267519,2.637376265
-1.626148625,-3.121256988,0.620862573
3.438311377,-3.086698409,1.335881936
6.710048974,-1.152901098,2.489426639
0.969724663,0.461865079,-1.446278211
6.10182861,-0.921259578,3.230975562
-0.156695312,0.665720104,-1.703069545
-0.474506381,1.167170178,-2.075741426
0.082182293,1.701768269,0.778277319
-5.135173565,0.283364421,-1.276014891
-2.936608032,1.282253797,0.581446741
0.652538211,-4.814880456,0.825107608
-0.102886593,-2.491003146,1.129815631
5.353670868,-1.184709147,2.845861951
-3.009001676,3.384159558,-0.139178434
2.901378771,-3.940383349,0.477882004
-0.517745279,-2.14961935,0.563453142
0.367510387,2.475720286,2.922969052
-0.578026269,2.425160161,-0.452855208
2.895638933,1.05853499,1.438257268
0.372147265,-1.858306175,-0.409849939
-0.431770585,3.664869906,0.171564028
2.912108,-2.196436861,0.968907401
-2.412693512,3.858157195,-0.75396591
0.971833515,1.920892357,-0.948874078
-4.321144152,4.236153549,-3.416417912
-4.062011778,-4.782138008,-2.887171798
-0.963149392,0.17026799,0.229776986
-0.507491857,6.983057805,-4.268945884
-2.04263382,-3.425532,-1.519202127
-1.794932043,-4.468389846,-0.011914039
-1.118991598,0.331304096,-1.085516725
2.319834991,-3.485563602,2.378929628
1.734166786,1.536418659,1.301816328
-3.598356847,-0.405859473,-2.190456615
-2.744501142,-1.717090582,-1.342035681
0.446541967,-1.53896177,-1.073348901
-1.440919884,3.857391848,0.324751041
6.297370883,0.289590967,1.046537446
-1.268603591,-2.055123146,1.917683246
0.628996439,1.629696963,-2.03710443
-1.440921344,4.024893519,-0.263420293
-8.33166395,2.931567647,-2.334083855
-2.877703607,6.043141136,-1.122279253
-0.472660551,2.602483666,0.872948012
-1.746436047,-2.077959794,0.667902679
-2.822108735,0.221302617,-3.543468362
0.992506447,-3.667381274,2.654401487
-1.305054954,3.54940019,-1.096617814
-3.975197087,5.956033562,-0.398300231
-0.279830834,1.670670711,-0.766998112
-6.662057415,-0.121694135,-2.80624309
-0.211368193,1.127135394,0.258384757
0.338286552,-4.494219304,-0.035750743
2.872607214,1.56522162,-2.750501653
-1.537412939,2.115981768,-3.072141645
0.510052904,3.240919896,-0.015486303
4.053003959,1.279608278,0.946659673
-1.858811755,4.245800694,-1.398649391
-3.140195192,2.631340191,-1.911484451
1.645241825,0.035097962,0.066969374
-3.307344961,-1.594477255,-0.644429003
2.09847205,-1.952551984,-2.166522416
1.66163356,-0.27182672,0.154158535
-2.043192703,-0.292518741,-1.706916729
2.834365764,-1.714374998,1.485125169
-1.041082813,0.889832688,0.641395142
2.842779514,-2.456100872,1.054278912
-7.045992416,0.129990975,-2.825672455
-4.927175725,-1.8485657,-0.74027473
-0.977982745,2.044996829,-1.724461374
-4.346749359,3.906563181,-1.633927124
-2.686967424,-4.95794481,0.637834536
3.575440507,0.215511196,-1.023107
-1.445708669,-2.547498121,-1.86363518
-3.934466292,1.711049902,-0.641983456
-1.758624182,2.589572252,-1.357442153
1.157426142,-0.693910366,1.275190616
1.115610007,-3.507237613,0.557280996
1.710090971,-1.802481766,1.738974261
-5.715082622,-2.821427821,-0.785483601
1.856832081,0.726223583,0.789942545
-2.051041195,-2.50239723,1.132671161
0.049436192,-2.078974733,0.662574566
-2.794186746,-3.121633833,-0.283259661
1.669273726,3.127846144,-0.286164509
2.366667272,0.567547137,-0.475879047
1.035896567,2.508793794,-1.02771602
6.252230663,-0.714195306,2.039800902
-2.547772883,-3.18528835,-1.080732131
-1.570860686,6.704607516,-0.353632678
4.169319411,-2.088621147,2.257595738
-1.488217346,1.655333808,-0.71584407
-0.72974855,9.193640835,-4.33558383
1.542302402,2.694199406,0.339108777
-1.949964285,-1.904056354,1.652352534
0.085987927,1.836185746,1.988754997
-1.929991416,-1.341946664,-2.677901826
1.144470768,-4.749099957,-1.203894587
0.186530496,-4.984489674,0.073422006
-3.06162714,-0.09276603,-2.521043588
2.270571403,-0.311444619,1.04236962
-1.01164148,-3.246617074,-1.014709221
-1.230924721,-2.656180657,0.10718344
-0.714549948,-0.346204942,-0.006618668
0.735876887,4.350751745,-0.045090449
-4.017911904,0.332182204,-0.084680678
2.92536408,-5.67078242,4.165718347
-1.974344722,1.37511685,-1.521116661
0.657117209,0.702908899,0.925907417
-1.311894588,2.357623211,-0.286770458
6.477030079,0.603883627,3.35571119
4.281882817,6.112984896,1.057245714
-0.903658871,1.145981041,0.270007384
-3.056031702,-1.345311624,-0.061475115
-1.112752973,-1.611175401,-1.984122099
-3.878549573,5.631584304,0.217609513
-1.505090461,-3.313456282,0.219594207
-0.840875292,-0.878961105,2.313866885
-2.371135563,-3.708947754,-1.46892254
-0.110366089,5.572091119,-3.65341502
-2.795817983,-3.473256813,-1.48061141
0.09171533,0.878196609,-0.401131128
-3.500553506,4.609182949,-0.75271018
5.417943637,-0.454726155,0.65775751
1.061153458,8.234233071,0.410218721
-4.053441425,1.556265018,-1.174888729
-4.852703151,2.593382861,-1.821839835
2.643604033,9.787105726,-1.214241437
-5.22963215,0.353093436,-1.436282788
1.08109078,-1.37160067,0.810192995
-3.436824968,1.307516658,-2.01274432
-5.144270571,-2.144445416,-1.554473608
-3.116096698,4.04071652,-0.458713227
0.554796916,4.301172797,0.308421458
0.818572362,-3.030649139,-1.27818933
-3.010302267,-6.83425631,3.256263713
1.767830549,2.213192926,-1.418863753
7.473635486,2.623570296,-0.776466233
2.807185732,3.947640111,1.81656021
-0.450136305,2.44482076,-2.394159083
4.025441323,2.274963312,2.259502687
-0.58811585,1.157861211,-1.925839054
-5.409985823,7.099494582,-2.767541533
-0.481972826,2.638236961,-1.851010475
0.718656053,2.687519759,0.337623412
-0.342342746,2.920786248,-2.222161831
2.298319097,-7.811638149,1.971892859
-4.55068212,0.883501927,0.72787738
4.748970042,0.532589502,1.76363053
-0.300220573,-0.718595794,-1.169039792
4.615398832,-4.253719203,1.574178831
-1.382828416,0.728210978,0.816908674
-0.021541741,-2.373970073,0.093991807
7.773418308,0.566703057,3.920571761
-6.299331338,2.129906237,-0.30176539
3.834290299,4.704601207,0.432356175
-3.42120532,1.961965998,-0.378169059
-3.549197776,0.93162474,-1.329610585
-2.990939586,-1.964280898,-1.626364474
-2.398605172,2.473558268,-3.098329448
-0.353651861,-2.088226688,-1.018358158
-1.193105816,-4.207599897,-1.096002878
2.18121201,-1.441547041,0.632362742
4.518830697,1.340440102,0.647821613
-0.755545576,2.805286347,-3.573114112
-1.0361418,-3.478349739,2.069669866
-2.927003535,1.34244653,-2.238439115
1.532224368,3.014246765,-2.004583266
4.646142511,-0.501877578,1.428183807
1.652761499,-1.148451276,0.385044185
-0.610884748,2.612235684,-2.628855179
0.469289072,-1.174911758,0.024026205
-1.851501064,-1.682863827,1.064590162
1.009942892,3.747283787,2.104769363
-0.535949268,-2.56074504,0.735681913
0.543942376,4.08109504,-1.674464834
1.157413103,-1.07685628,1.231160504
-3.168831518,0.837412748,1.154271005
-2.448408211,1.609479805,-4.401761619
0.311481699,0.748800556,-0.984854904
-0.789636262,4.218401369,0.685642087
-3.033184285,-0.43447887,-1.470999368
-1.625835181,0.869779506,-0.527819895
1.155788629,0.976108276,1.602675708
1.184109546,-0.079755371,1.88782864
-6.532012889,0.362723859,-3.409695343
3.700978211,-0.542345388,2.560445557
0.765819178,-0.133646672,-0.500258261
2.143465792,-1.315924467,-2.303317979
0.478705132,0.949725385,0.711355917
-0.229330623,3.291775417,-0.481042265
-4.193745192,1.791289894,-2.716992813
-0.57698955,-1.946524251,2.132884721
5.666132302,-4.407980198,2.309472849
-1.762749291,-4.018931955,0.111635555
-4.56905344,2.599198255,-2.217430829
2.027334609,-2.448711224,2.385248121
1.174998998,-2.85505424,0.122003351
2.756177016,1.484622527,1.042706205
0.577088993,6.004143722,0.72476172
-2.336936452,-2.099839837,-1.164299075
-1.424075742,-3.389811583,1.178761403
-4.943274336,4.237388679,-2.848012636
-3.840863106,-0.122717559,-0.000583695
-2.056515375,-0.886602306,-1.130105593
-2.426630703,2.910610546,-0.503835216
4.609276584,-0.439426906,1.245657888
6.13695009,-4.38414985,1.401647068
-2.560785569,3.177964301,-2.122502546
-0.158750073,1.213385793,1.457780601
5.305675636,-0.746313317,0.988694693
-4.296467767,-3.460578243,1.510180636
3.266983079,0.186923901,0.703372262
-5.420718604,4.710427908,-3.833992854
-0.656018876,-1.681283349,1.47170877
-6.188833452,-1.189187889,-0.674488019
0.910243153,-0.51587747,2.241088196
-1.634862308,0.55255568,-1.417684116
-0.421180791,1.312533135,-1.649743337
-0.395227204,-5.892537899,3.213310312
-0.46741188,-4.942891144,0.24060349
-3.189818081,0.714214686,-0.200042265
-0.624571705,-3.912390706,1.655101453
4.274045827,1.411528788,0.38509906
3.433411724,-2.014667353,2.829057882
-2.329052663,2.30150269,-0.611976636
-1.305957117,1.713818618,-1.427319658
5.734965185,-1.713510289,2.096939817
0.206470589,-2.026551121,0.39390213
-1.824065321,-2.162704331,-2.675488245
3.677162115,-1.230684087,2.381730461
1.672778323,0.036806796,-0.66014942
1.027659188,0.730175574,-1.07533473
1.164455346,-3.119673442,-1.033559155
3.47599609,-2.167875516,1.429698635
0.877039223,0.397951789,0.778180144
1.188457124,-2.269441992,3.935118631
-2.043678077,1.999241375,-0.211277821
3.352145742,1.492558107,1.799271882
7.673583462,2.348515246,4.177184213
-2.339272621,-1.483846509,3.312609784
1.41249721,2.295951674,-0.076969943
0.226836118,2.560651763,-1.321251843
-0.966482049,-7.935411631,1.031322738
-1.110431067,-0.791884426,1.490980582
-6.664591769,1.073900557,-2.111168341
1.48835144,4.910221404,-0.783883354
7.186589522,-0.791461737,4.801812061
3.58078027,5.403852737,-0.384348048
-0.388035103,5.104874378,-1.58985148
-0.106438685,0.278133823,1.167108603
3.190927787,-1.061648052,1.795514341
0.225299965,-0.790277965,-0.002110818
-0.507482008,-3.874602574,0.548185385
3.50441446,0.587642811,1.160312234
-2.333374452,3.651409093,0.42018229
0.030179416,-0.94419778,-2.163238295
4.593814424,1.972538776,4.27831593
-0.524790881,0.466914658,0.363131848
-0.948459077,1.093185606,0.860048388
-1.973841593,2.85634282,-0.915204341
-0.569095416,0.950389301,0.430046032
2.664189225,3.723877192,3.525965179
0.733843565,1.14583782,0.231187509
4.288626581,-3.688352901,3.022061866
0.275986049,-1.378462326,2.19986905
1.117149687,5.575474232,-0.7009808
1.29965215,-6.765307895,2.229692391
-1.659651278,-2.651501169,-1.37742349
-1.396602654,-2.620943547,1.819128978
1.619534946,0.021428824,2.620187195
-6.563115141,-2.657561611,-1.158270995
-5.659674759,-2.940042163,0.221579368
2.812541122,3.697141235,-0.48604754
-5.536427922,-0.264112642,-0.413638658
-2.533190893,-1.046711968,-1.900631407
0.243477959,-3.379274885,1.939213241
0.131519309,-1.77888515,0.217077265
-1.553613081,2.199177032,-2.655055554
2.977217687,0.36087052,3.88457876
-1.173151116,2.056905234,-0.011549368
0.267214746,0.278482749,0.426687685
-0.001520419,-3.298299622,0.975212249
2.20681507,-0.767981315,1.416474846
3.441535064,-3.725946468,-0.091136494
-5.158199437,-4.174458877,-1.370918122
1.65834351,0.937809091,-0.122506338
0.796984889,-3.764811348,0.29105334
-2.579268646,1.279674632,-2.615371179
3.865992523,-2.343328634,4.154092681
2.027278586,-1.380236698,1.549228239
-2.082482574,-0.276785896,1.751984622
2.435813027,-1.013990167,0.459321029
-0.513321357,4.086580005,-2.505109629
4.563014735,0.332502436,1.157855509
1.265618513,4.638990184,-0.206516209
-2.053215594,-0.330209838,2.399824421
0.43589999,-3.713102392,0.197751111
3.16931339,-0.668829994,2.192882489
1.204358843,-4.438912182,2.646970953
-2.556793617,6.276383012,-0.16280583
-0.319340183,-1.118336139,0.538662342
-1.711507565,-0.15655518,-0.686797464
3.20290618,2.512061168,3.610114855
3.2746843,-2.949467266,2.395949976
0.421252248,0.648663531,-1.367923117
2.627583857,1.758985433,0.158477625
1.305659316,-2.888642738,-0.068472118
-0.764840916,2.555292773,0.278241046
-0.765437985,0.504580888,-1.151597308
0.076881846,1.256727388,-2.221665378
1.929225675,1.104484256,2.20199803
-4.613122422,0.896062348,-2.780843254
3.868279976,-2.418942945,0.312175786
1.585560622,-0.629363362,0.704418679
-2.761060398,4.386387907,-0.358742036
-2.030934155,-0.885890351,-3.6185394
-3.356624526,3.608980403,-5.547476303
0.493563839,1.269308232,0.278164726
-1.503169312,1.494508678,0.462923771
0.093993934,1.773398338,-1.223455392
-1.250953342,-1.527813964,1.871720246
0.460349265,2.435841287,-3.370938637
1.127284732,2.117485544,-0.787913515
1.900038001,-2.171121652,1.175021692
-3.47684378,4.919504304,-0.38337241
-0.970412805,0.892195289,-1.340086218
-0.723269411,-4.718369334,0.1021604
5.720057881,-0.836953896,0.689798133
-0.655469418,-1.4277542,-0.905152391
1.185074709,0.972216132,-2.764063216
-6.50145995,-2.860958309,-1.377129106
-1.430409671,-2.109980349,-0.17979597
-0.823534732,2.289704675,-1.147870282
0.957021618,0.737340384,0.72831313
5.13345846,4.019323976,1.433473411
2.321227841,-0.755442361,0.189809098
-2.339059264,-2.077607908,0.589582648
3.919912266,-0.675033963,3.00771268
2.530816566,1.395539171,0.979547755
-6.480144486,-1.207055963,-2.559722369
0.049173003,-1.685799547,-0.012962525
4.544400997,-0.353954979,1.105292571
-1.62149664,1.41187759,-0.772925476
-1.652082638,-0.331960218,-1.146425242
2.279497288,0.891893093,0.554356647
-0.309862797,-2.497513384,1.094049053
-0.421975208,0.984232484,-0.487208457
-2.023222886,0.317554344,0.239574716
2.881820328,-0.660580554,0.543450498
0.926257743,5.810439599,-2.674573373
-0.102836827,-4.288773186,1.392691708
0.228867514,-0.217336414,0.384615828
-0.582882705,-3.339812968,-0.928915884
0.816753027,-3.882299046,-0.487524026
4.941439519,0.794036563,0.003546942
-3.720954266,2.793494739,0.383576798
-0.509400111,3.030637798,0.047402279
-5.810379739,3.47672673,-1.976884654
-0.881318914,1.375227248,-0.671879071
3.799656968,-2.996814353,1.738736289
5.188414681,-1.852662909,-0.296961028
-3.924207,0.486962238,-0.275740187
4.256842155,-2.242906409,-0.441307929
4.447702727,2.069727431,2.529791448
0.365525318,0.343250724,2.398109928
1.207943722,3.165102395,0.66550436
-2.657858176,1.024642885,-3.309200292
-0.751573423,0.477947999,0.655322944
-1.621633286,-0.740702241,-1.295677865
-2.295242984,0.114789486,-0.589335521
-5.651511431,0.072600285,-0.500808334
-4.660518564,-2.059215072,0.150431857
-3.899419278,-3.751591824,-0.35992987
0.185431645,1.057045301,-1.702028469
4.146479844,-2.006044487,1.575282784
1.727430159,0.71506495,-0.656339618
-0.135635518,-0.089817966,0.207251453
-1.563010026,0.661453186,-0.419730924
-4.904361552,1.488091865,-1.208950858
4.413502634,2.60640287,-0.459290754
-1.690972032,-0.87340413,-1.70392482
-0.147940327,1.185789276,2.042137872
4.77953811,-1.382198384,1.610418107
-1.773106964,-2.44121132,-1.079029633
-5.41409676,-3.054486988,-2.560409354
-1.101347297,0.192157473,-1.659131339
-4.66714088,1.671172332,-2.652744529
3.969410285,4.257773004,0.342250521
-1.14769167,-3.568003732,-0.015980865
1.7437533,-2.052596205,3.117192267
0.767428714,-1.207269682,1.910403829
1.085386722,1.130440663,-1.296401668
-2.775477151,5.451599764,-1.575747254
-4.95624624,2.332676717,-2.03127475
1.243889059,-2.139459027,2.074605496
1.23507735,7.725471643,-0.098443135
1.42146254,-1.508462644,-1.056203585
2.324136467,0.348661656,-0.178628295
-1.261226046,1.786361102,0.452258703
-2.205013557,0.982988841,0.732796932
3.107058188,2.957443016,2.361324294
0.091378745,0.414931708,2.006753904
-2.19853333,-4.201139303,-1.32929226
-3.512016907,-2.274476359,-1.877649766
1.756834965,-3.520263592,1.908254142
1.719697006,-0.657641936,0.876166461
3.467746228,-2.679336791,0.788826302
-3.571639669,3.866328399,-1.832399624
1.018422644,1.84939021,-2.960692455
0.129156659,0.335922446,3.445226604
-1.822381705,4.734783851,0.075976069
-1.985696976,0.387180069,1.903249793
0.978716385,1.127311381,0.783850647
-2.834088443,1.087883021,-0.687185268
1.87223594,-0.161315063,0.203694571
1.700796548,-1.37839438,0.691821319
5.963815788,-3.576491147,0.772448603
1.842335101,-1.145390396,-1.116026509
0.238242768,-1.342910707,0.259928731
-0.03902607,2.376837703,-1.265595106
0.494886859,2.720306176,-2.048411728
-0.799517978,-1.444307466,1.367199426
-0.579946009,1.762750252,-0.436012201
-5.439856136,0.153306804,-0.494741643
-2.70213099,1.618140105,-3.045574662
-3.844633429,-1.445258783,-0.900264855
1.21748162,-2.761086068,0.938326078
2.058261629,1.311612207,2.179249685
0.878811515,-0.006017584,1.471707482
-1.033943811,0.224936698,1.024888508
2.798680984,0.095090932,0.376759548
1.478430684,-0.958926882,-0.593081541
1.066027019,3.607297972,-1.375374553
1.997551627,-4.982240759,-0.330333975
3.522526275,-4.574139221,0.839828744
-0.806280425,-2.441098267,1.673173545
-0.195050371,-1.603990812,-0.422080387
0.314561161,-0.109032717,-0.591225834
1.614366372,-1.21932288,2.021142742
1.430066528,0.222707777,2.322400099
-1.816623339,1.085367234,-0.432474197
-4.367125076,-3.008236422,-0.637772714
-0.510988253,-8.359826469,2.885261346
4.31947023,-0.679440571,0.834874443
1.156938551,-2.590474602,3.120928074
0.86703182,-1.334881043,-0.358297466
2.456161745,4.542374887,-0.853747773
-4.825575659,1.923732895,-1.39097058
2.278408024,0.599016878,1.386320671
-3.054187525,5.410252219,-1.826366307
-0.588112685,-4.025171391,1.089884263
2.354088428,-1.167559877,1.681947295
0.7982511,-2.723025832,-2.562201817
-2.937722143,-1.482042511,-0.468628171
0.194679905,-0.772789771,1.462787999
6.929053235,2.086844067,2.979123809
1.910642736,-2.383804587,1.160286665
0.578716619,1.255113225,2.264874339
-5.976724467,4.914035839,-4.219953346
-0.44454807,-2.822367474,0.501232065
1.118662878,-2.783845656,1.354498217
-0.261392709,-1.731628146,1.326125577
1.747365019,0.226332889,-1.35556367
4.473966068,0.217378335,3.500965489
-2.203954395,-1.543334527,-0.403256802
-0.44831213,-0.003721075,-0.327189585
